tempo,close,periodo,intervalo,tp,sl,tp_porc,sl_porc,direcao
2025-12-08 17:55:00-03:00,148.71,1Mes,5min,148.45,148.88,0.0017364078132348,0.0011562667084586,🔴venda
